6273054, OUTER PACKAGING ISSUE
6276169, OUTER PACKAGING ISSUE
6287871, PACKAGING QUANTITY ISSUE
6292150, PACKAGING QUANTITY ISSUE
6297197, OUTER PACKAGING ISSUE
6301396, OUTER PACKAGING ISSUE
6310214, PACKAGING QUANTITY ISSUE
6317482, BLISTER PACKAGING ISSUE
6327576, PACKAGING QUANTITY ISSUE
6332904, OUTER PACKAGING ISSUE
6332908, OUTER PACKAGING ISSUE
6333080, OUTER PACKAGING ISSUE
6333171, OUTER PACKAGING ISSUE
6335137, PACKAGING QUANTITY ISSUE
6338484, OUTER PACKAGING ISSUE
6340962, PACKAGING QUANTITY ISSUE
6354644, OUTER PACKAGING ISSUE
6360137, OUTER PACKAGING ISSUE
6361983, OUTER PACKAGING ISSUE
6375606, PACKAGING QUANTITY ISSUE
6376420, PACKAGING QUANTITY ISSUE
6382169, OUTER PACKAGING ISSUE
6387259, PACKAGING QUANTITY ISSUE